,close
2022-12-27 00:00:00+00:00,16947.6
2022-12-27 00:01:00+00:00,16953.0
2022-12-27 00:02:00+00:00,16959.2
2022-12-27 00:03:00+00:00,16962.6
2022-12-27 00:04:00+00:00,16947.9
2022-12-27 00:05:00+00:00,16960.7
2022-12-27 00:06:00+00:00,16961.9
2022-12-27 00:07:00+00:00,16952.7
2022-12-27 00:08:00+00:00,16948.3
2022-12-27 00:09:00+00:00,16955.0
2022-12-27 00:10:00+00:00,16954.9
2022-12-27 00:11:00+00:00,16954.9
2022-12-27 00:12:00+00:00,16961.1
2022-12-27 00:13:00+00:00,16962.1
2022-12-27 00:14:00+00:00,16958.0
2022-12-27 00:15:00+00:00,16951.4
2022-12-27 00:16:00+00:00,16942.7
2022-12-27 00:17:00+00:00,16924.4
2022-12-27 00:18:00+00:00,16917.6
2022-12-27 00:19:00+00:00,16918.6
2022-12-27 00:20:00+00:00,16928.1
2022-12-27 00:21:00+00:00,16917.9
2022-12-27 00:22:00+00:00,16902.3
2022-12-27 00:23:00+00:00,16904.8
2022-12-27 00:24:00+00:00,16902.6
2022-12-27 00:25:00+00:00,16905.3
2022-12-27 00:26:00+00:00,16901.3
2022-12-27 00:27:00+00:00,16904.6
2022-12-27 00:28:00+00:00,16902.9
2022-12-27 00:29:00+00:00,16904.8
2022-12-27 00:30:00+00:00,16903.8
2022-12-27 00:31:00+00:00,16906.0
2022-12-27 00:32:00+00:00,16908.2
2022-12-27 00:33:00+00:00,16900.5
2022-12-27 00:34:00+00:00,16897.8
2022-12-27 00:35:00+00:00,16899.2
2022-12-27 00:36:00+00:00,16892.8
2022-12-27 00:37:00+00:00,16889.8
2022-12-27 00:38:00+00:00,16884.4
2022-12-27 00:39:00+00:00,16878.0
2022-12-27 00:40:00+00:00,16879.1
2022-12-27 00:41:00+00:00,16877.5
2022-12-27 00:42:00+00:00,16882.8
2022-12-27 00:43:00+00:00,16874.0
2022-12-27 00:44:00+00:00,16873.0
2022-12-27 00:45:00+00:00,16876.7
2022-12-27 00:46:00+00:00,16861.8
2022-12-27 00:47:00+00:00,16847.7
2022-12-27 00:48:00+00:00,16849.9
2022-12-27 00:49:00+00:00,16840.1
2022-12-27 00:50:00+00:00,16847.3
2022-12-27 00:51:00+00:00,16848.7
2022-12-27 00:52:00+00:00,16849.7
2022-12-27 00:53:00+00:00,16850.5
2022-12-27 00:54:00+00:00,16856.8
2022-12-27 00:55:00+00:00,16859.1
2022-12-27 00:56:00+00:00,16860.4
2022-12-27 00:57:00+00:00,16859.0
2022-12-27 00:58:00+00:00,16858.9
2022-12-27 00:59:00+00:00,16861.1
2022-12-27 01:00:00+00:00,16866.1
2022-12-27 01:01:00+00:00,16865.5
2022-12-27 01:02:00+00:00,16851.7
2022-12-27 01:03:00+00:00,16858.6
2022-12-27 01:04:00+00:00,16867.2
2022-12-27 01:05:00+00:00,16867.2
2022-12-27 01:06:00+00:00,16867.1
2022-12-27 01:07:00+00:00,16871.4
2022-12-27 01:08:00+00:00,16872.3
2022-12-27 01:09:00+00:00,16875.2
2022-12-27 01:10:00+00:00,16875.2
2022-12-27 01:11:00+00:00,16878.7
2022-12-27 01:12:00+00:00,16878.8
2022-12-27 01:13:00+00:00,16879.3
2022-12-27 01:14:00+00:00,16876.0
2022-12-27 01:15:00+00:00,16878.2
2022-12-27 01:16:00+00:00,16878.3
2022-12-27 01:17:00+00:00,16873.3
2022-12-27 01:18:00+00:00,16873.3
2022-12-27 01:19:00+00:00,16864.1
2022-12-27 01:20:00+00:00,16864.1
2022-12-27 01:21:00+00:00,16852.8
2022-12-27 01:22:00+00:00,16854.5
2022-12-27 01:23:00+00:00,16853.8
2022-12-27 01:24:00+00:00,16853.8
2022-12-27 01:25:00+00:00,16853.8
2022-12-27 01:26:00+00:00,16853.8
2022-12-27 01:27:00+00:00,16853.9
2022-12-27 01:28:00+00:00,16854.7
2022-12-27 01:29:00+00:00,16858.4
2022-12-27 01:30:00+00:00,16858.4
2022-12-27 01:31:00+00:00,16858.4
2022-12-27 01:32:00+00:00,16858.4
2022-12-27 01:33:00+00:00,16858.4
2022-12-27 01:34:00+00:00,16858.6
2022-12-27 01:35:00+00:00,16858.6
2022-12-27 01:36:00+00:00,16858.6
2022-12-27 01:37:00+00:00,16858.7
2022-12-27 01:38:00+00:00,16858.7
2022-12-27 01:39:00+00:00,16858.6
2022-12-27 01:40:00+00:00,16856.9
2022-12-27 01:41:00+00:00,16855.8
2022-12-27 01:42:00+00:00,16855.7
2022-12-27 01:43:00+00:00,16849.6
2022-12-27 01:44:00+00:00,16849.6
2022-12-27 01:45:00+00:00,16849.6
2022-12-27 01:46:00+00:00,16849.6
2022-12-27 01:47:00+00:00,16849.6
2022-12-27 01:48:00+00:00,16852.0
2022-12-27 01:49:00+00:00,16852.0
2022-12-27 01:50:00+00:00,16856.1
2022-12-27 01:51:00+00:00,16856.1
2022-12-27 01:52:00+00:00,16856.1
2022-12-27 01:53:00+00:00,16859.2
2022-12-27 01:54:00+00:00,16857.4
2022-12-27 01:55:00+00:00,16857.4
2022-12-27 01:56:00+00:00,16857.4
2022-12-27 01:57:00+00:00,16857.5
2022-12-27 01:58:00+00:00,16857.4
2022-12-27 01:59:00+00:00,16857.5
2022-12-27 02:00:00+00:00,16861.7
2022-12-27 02:01:00+00:00,16874.1
2022-12-27 02:02:00+00:00,16874.2
2022-12-27 02:03:00+00:00,16874.1
2022-12-27 02:04:00+00:00,16874.1
2022-12-27 02:05:00+00:00,16874.1
2022-12-27 02:06:00+00:00,16874.6
2022-12-27 02:07:00+00:00,16874.6
2022-12-27 02:08:00+00:00,16876.2
2022-12-27 02:09:00+00:00,16878.7
2022-12-27 02:10:00+00:00,16881.4
2022-12-27 02:11:00+00:00,16881.9
2022-12-27 02:12:00+00:00,16881.9
2022-12-27 02:13:00+00:00,16883.1
2022-12-27 02:14:00+00:00,16883.1
2022-12-27 02:15:00+00:00,16883.1
2022-12-27 02:16:00+00:00,16883.1
2022-12-27 02:17:00+00:00,16883.0
2022-12-27 02:18:00+00:00,16883.0
2022-12-27 02:19:00+00:00,16873.2
2022-12-27 02:20:00+00:00,16873.2
2022-12-27 02:21:00+00:00,16873.2
2022-12-27 02:22:00+00:00,16873.3
2022-12-27 02:23:00+00:00,16873.3
2022-12-27 02:24:00+00:00,16873.2
2022-12-27 02:25:00+00:00,16876.8
2022-12-27 02:26:00+00:00,16879.3
2022-12-27 02:27:00+00:00,16879.3
2022-12-27 02:28:00+00:00,16879.2
2022-12-27 02:29:00+00:00,16879.2
2022-12-27 02:30:00+00:00,16878.8
2022-12-27 02:31:00+00:00,16877.6
2022-12-27 02:32:00+00:00,16877.6
2022-12-27 02:33:00+00:00,16877.7
2022-12-27 02:34:00+00:00,16877.6
2022-12-27 02:35:00+00:00,16874.3
2022-12-27 02:36:00+00:00,16872.1
2022-12-27 02:37:00+00:00,16870.1
2022-12-27 02:38:00+00:00,16870.2
2022-12-27 02:39:00+00:00,16867.4
2022-12-27 02:40:00+00:00,16866.5
2022-12-27 02:41:00+00:00,16866.4
2022-12-27 02:42:00+00:00,16866.4
2022-12-27 02:43:00+00:00,16866.5
2022-12-27 02:44:00+00:00,16871.8
2022-12-27 02:45:00+00:00,16871.8
2022-12-27 02:46:00+00:00,16871.8
2022-12-27 02:47:00+00:00,16871.7
2022-12-27 02:48:00+00:00,16871.7
2022-12-27 02:49:00+00:00,16871.7
2022-12-27 02:50:00+00:00,16871.8
2022-12-27 02:51:00+00:00,16871.7
2022-12-27 02:52:00+00:00,16871.7
2022-12-27 02:53:00+00:00,16869.7
2022-12-27 02:54:00+00:00,16869.0
2022-12-27 02:55:00+00:00,16869.0
2022-12-27 02:56:00+00:00,16875.6
2022-12-27 02:57:00+00:00,16875.5
2022-12-27 02:58:00+00:00,16875.6
2022-12-27 02:59:00+00:00,16875.6
2022-12-27 03:00:00+00:00,16875.5
2022-12-27 03:01:00+00:00,16875.5
2022-12-27 03:02:00+00:00,16875.5
2022-12-27 03:03:00+00:00,16874.3
2022-12-27 03:04:00+00:00,16869.9
2022-12-27 03:05:00+00:00,16867.9
2022-12-27 03:06:00+00:00,16868.0
2022-12-27 03:07:00+00:00,16867.9
2022-12-27 03:08:00+00:00,16862.5
2022-12-27 03:09:00+00:00,16859.1
2022-12-27 03:10:00+00:00,16859.0
2022-12-27 03:11:00+00:00,16859.0
2022-12-27 03:12:00+00:00,16859.0
2022-12-27 03:13:00+00:00,16859.0
2022-12-27 03:14:00+00:00,16850.7
2022-12-27 03:15:00+00:00,16850.6
2022-12-27 03:16:00+00:00,16853.9
2022-12-27 03:17:00+00:00,16853.9
2022-12-27 03:18:00+00:00,16853.9
2022-12-27 03:19:00+00:00,16853.9
2022-12-27 03:20:00+00:00,16853.8
2022-12-27 03:21:00+00:00,16853.8
2022-12-27 03:22:00+00:00,16853.8
2022-12-27 03:23:00+00:00,16857.3
2022-12-27 03:24:00+00:00,16857.3
2022-12-27 03:25:00+00:00,16858.4
2022-12-27 03:26:00+00:00,16858.4
2022-12-27 03:27:00+00:00,16859.8
2022-12-27 03:28:00+00:00,16859.7
2022-12-27 03:29:00+00:00,16859.7
2022-12-27 03:30:00+00:00,16859.7
2022-12-27 03:31:00+00:00,16859.8
2022-12-27 03:32:00+00:00,16861.6
2022-12-27 03:33:00+00:00,16862.0
2022-12-27 03:34:00+00:00,16863.7
2022-12-27 03:35:00+00:00,16861.9
2022-12-27 03:36:00+00:00,16861.9
2022-12-27 03:37:00+00:00,16858.2
2022-12-27 03:38:00+00:00,16855.9
2022-12-27 03:39:00+00:00,16855.8
2022-12-27 03:40:00+00:00,16855.9
2022-12-27 03:41:00+00:00,16855.8
2022-12-27 03:42:00+00:00,16855.9
2022-12-27 03:43:00+00:00,16855.9
2022-12-27 03:44:00+00:00,16855.9
2022-12-27 03:45:00+00:00,16855.9
2022-12-27 03:46:00+00:00,16862.2
2022-12-27 03:47:00+00:00,16865.9
2022-12-27 03:48:00+00:00,16866.8
2022-12-27 03:49:00+00:00,16867.0
2022-12-27 03:50:00+00:00,16867.0
2022-12-27 03:51:00+00:00,16867.7
2022-12-27 03:52:00+00:00,16867.7
2022-12-27 03:53:00+00:00,16867.7
2022-12-27 03:54:00+00:00,16864.6
2022-12-27 03:55:00+00:00,16864.7
2022-12-27 03:56:00+00:00,16864.6
2022-12-27 03:57:00+00:00,16862.8
2022-12-27 03:58:00+00:00,16862.8
2022-12-27 03:59:00+00:00,16865.8
2022-12-27 04:00:00+00:00,16865.8
2022-12-27 04:01:00+00:00,16865.8
2022-12-27 04:02:00+00:00,16865.8
2022-12-27 04:03:00+00:00,16865.8
2022-12-27 04:04:00+00:00,16865.8
2022-12-27 04:05:00+00:00,16865.8
2022-12-27 04:06:00+00:00,16865.7
2022-12-27 04:07:00+00:00,16865.7
2022-12-27 04:08:00+00:00,16865.8
2022-12-27 04:09:00+00:00,16865.8
2022-12-27 04:10:00+00:00,16868.8
2022-12-27 04:11:00+00:00,16868.8
2022-12-27 04:12:00+00:00,16868.7
2022-12-27 04:13:00+00:00,16868.7
2022-12-27 04:14:00+00:00,16868.7
2022-12-27 04:15:00+00:00,16868.8
2022-12-27 04:16:00+00:00,16868.7
2022-12-27 04:17:00+00:00,16865.2
2022-12-27 04:18:00+00:00,16864.2
2022-12-27 04:19:00+00:00,16863.9
2022-12-27 04:20:00+00:00,16863.9
2022-12-27 04:21:00+00:00,16864.0
2022-12-27 04:22:00+00:00,16864.0
2022-12-27 04:23:00+00:00,16863.9
2022-12-27 04:24:00+00:00,16863.9
2022-12-27 04:25:00+00:00,16863.9
2022-12-27 04:26:00+00:00,16863.9
2022-12-27 04:27:00+00:00,16863.9
2022-12-27 04:28:00+00:00,16864.0
2022-12-27 04:29:00+00:00,16864.0
2022-12-27 04:30:00+00:00,16864.0
2022-12-27 04:31:00+00:00,16864.0
2022-12-27 04:32:00+00:00,16864.0
2022-12-27 04:33:00+00:00,16864.0
2022-12-27 04:34:00+00:00,16864.0
2022-12-27 04:35:00+00:00,16864.0
2022-12-27 04:36:00+00:00,16863.9
2022-12-27 04:37:00+00:00,16863.9
2022-12-27 04:38:00+00:00,16863.9
2022-12-27 04:39:00+00:00,16863.9
2022-12-27 04:40:00+00:00,16865.8
2022-12-27 04:41:00+00:00,16865.8
2022-12-27 04:42:00+00:00,16865.8
2022-12-27 04:43:00+00:00,16865.8
2022-12-27 04:44:00+00:00,16865.2
2022-12-27 04:45:00+00:00,16864.6
2022-12-27 04:46:00+00:00,16867.3
2022-12-27 04:47:00+00:00,16867.3
2022-12-27 04:48:00+00:00,16869.8
2022-12-27 04:49:00+00:00,16873.6
2022-12-27 04:50:00+00:00,16875.3
2022-12-27 04:51:00+00:00,16875.8
2022-12-27 04:52:00+00:00,16875.8
2022-12-27 04:53:00+00:00,16875.8
2022-12-27 04:54:00+00:00,16876.6
2022-12-27 04:55:00+00:00,16881.2
2022-12-27 04:56:00+00:00,16884.9
2022-12-27 04:57:00+00:00,16886.6
2022-12-27 04:58:00+00:00,16887.3
2022-12-27 04:59:00+00:00,16887.2
2022-12-27 05:00:00+00:00,16889.8
2022-12-27 05:01:00+00:00,16887.1
2022-12-27 05:02:00+00:00,16886.0
2022-12-27 05:03:00+00:00,16886.0
2022-12-27 05:04:00+00:00,16886.1
2022-12-27 05:05:00+00:00,16886.0
2022-12-27 05:06:00+00:00,16886.0
2022-12-27 05:07:00+00:00,16886.0
2022-12-27 05:08:00+00:00,16882.5
2022-12-27 05:09:00+00:00,16885.4
2022-12-27 05:10:00+00:00,16885.4
2022-12-27 05:11:00+00:00,16885.4
2022-12-27 05:12:00+00:00,16885.5
2022-12-27 05:13:00+00:00,16885.5
2022-12-27 05:14:00+00:00,16884.6
2022-12-27 05:15:00+00:00,16881.1
2022-12-27 05:16:00+00:00,16881.1
2022-12-27 05:17:00+00:00,16881.1
2022-12-27 05:18:00+00:00,16881.1
2022-12-27 05:19:00+00:00,16881.1
2022-12-27 05:20:00+00:00,16881.1
2022-12-27 05:21:00+00:00,16881.1
2022-12-27 05:22:00+00:00,16881.1
2022-12-27 05:23:00+00:00,16881.1
2022-12-27 05:24:00+00:00,16881.2
2022-12-27 05:25:00+00:00,16877.0
2022-12-27 05:26:00+00:00,16877.1
2022-12-27 05:27:00+00:00,16877.0
2022-12-27 05:28:00+00:00,16877.0
2022-12-27 05:29:00+00:00,16875.0
2022-12-27 05:30:00+00:00,16875.1
2022-12-27 05:31:00+00:00,16875.0
2022-12-27 05:32:00+00:00,16871.6
2022-12-27 05:33:00+00:00,16870.6
2022-12-27 05:34:00+00:00,16869.5
2022-12-27 05:35:00+00:00,16869.2
2022-12-27 05:36:00+00:00,16873.4
2022-12-27 05:37:00+00:00,16873.4
2022-12-27 05:38:00+00:00,16873.4
2022-12-27 05:39:00+00:00,16873.3
2022-12-27 05:40:00+00:00,16873.4
2022-12-27 05:41:00+00:00,16873.3
2022-12-27 05:42:00+00:00,16873.3
2022-12-27 05:43:00+00:00,16873.2
2022-12-27 05:44:00+00:00,16869.5
2022-12-27 05:45:00+00:00,16871.1
2022-12-27 05:46:00+00:00,16876.9
2022-12-27 05:47:00+00:00,16877.0
2022-12-27 05:48:00+00:00,16877.0
2022-12-27 05:49:00+00:00,16877.0
2022-12-27 05:50:00+00:00,16871.1
2022-12-27 05:51:00+00:00,16870.0
2022-12-27 05:52:00+00:00,16866.3
2022-12-27 05:53:00+00:00,16866.7
2022-12-27 05:54:00+00:00,16868.1
2022-12-27 05:55:00+00:00,16868.0
2022-12-27 05:56:00+00:00,16868.0
2022-12-27 05:57:00+00:00,16868.0
2022-12-27 05:58:00+00:00,16868.0
2022-12-27 05:59:00+00:00,16868.1
2022-12-27 06:00:00+00:00,16868.1
2022-12-27 06:01:00+00:00,16868.1
2022-12-27 06:02:00+00:00,16868.1
2022-12-27 06:03:00+00:00,16866.8
2022-12-27 06:04:00+00:00,16866.8
2022-12-27 06:05:00+00:00,16866.8
2022-12-27 06:06:00+00:00,16866.8
2022-12-27 06:07:00+00:00,16866.8
2022-12-27 06:08:00+00:00,16866.8
2022-12-27 06:09:00+00:00,16866.8
2022-12-27 06:10:00+00:00,16865.6
2022-12-27 06:11:00+00:00,16862.9
2022-12-27 06:12:00+00:00,16862.8
2022-12-27 06:13:00+00:00,16862.9
2022-12-27 06:14:00+00:00,16862.9
2022-12-27 06:15:00+00:00,16862.9
2022-12-27 06:16:00+00:00,16863.0
2022-12-27 06:17:00+00:00,16863.0
2022-12-27 06:18:00+00:00,16863.0
2022-12-27 06:19:00+00:00,16864.0
2022-12-27 06:20:00+00:00,16864.1
2022-12-27 06:21:00+00:00,16864.1
2022-12-27 06:22:00+00:00,16864.1
2022-12-27 06:23:00+00:00,16864.0
2022-12-27 06:24:00+00:00,16861.1
2022-12-27 06:25:00+00:00,16860.3
2022-12-27 06:26:00+00:00,16860.3
2022-12-27 06:27:00+00:00,16856.4
2022-12-27 06:28:00+00:00,16856.5
2022-12-27 06:29:00+00:00,16861.0
2022-12-27 06:30:00+00:00,16861.0
2022-12-27 06:31:00+00:00,16861.0
2022-12-27 06:32:00+00:00,16860.9
2022-12-27 06:33:00+00:00,16860.9
2022-12-27 06:34:00+00:00,16864.3
2022-12-27 06:35:00+00:00,16868.4
2022-12-27 06:36:00+00:00,16868.3
2022-12-27 06:37:00+00:00,16868.4
2022-12-27 06:38:00+00:00,16868.4
2022-12-27 06:39:00+00:00,16868.3
2022-12-27 06:40:00+00:00,16868.4
2022-12-27 06:41:00+00:00,16868.4
2022-12-27 06:42:00+00:00,16868.3
2022-12-27 06:43:00+00:00,16868.4
2022-12-27 06:44:00+00:00,16868.4
2022-12-27 06:45:00+00:00,16868.3
2022-12-27 06:46:00+00:00,16868.3
2022-12-27 06:47:00+00:00,16868.4
2022-12-27 06:48:00+00:00,16868.6
2022-12-27 06:49:00+00:00,16868.7
2022-12-27 06:50:00+00:00,16868.7
2022-12-27 06:51:00+00:00,16874.6
2022-12-27 06:52:00+00:00,16874.6
2022-12-27 06:53:00+00:00,16880.4
2022-12-27 06:54:00+00:00,16881.7
2022-12-27 06:55:00+00:00,16879.6
2022-12-27 06:56:00+00:00,16875.4
2022-12-27 06:57:00+00:00,16878.2
2022-12-27 06:58:00+00:00,16878.2
2022-12-27 06:59:00+00:00,16880.0
2022-12-27 07:00:00+00:00,16881.5
2022-12-27 07:01:00+00:00,16881.5
2022-12-27 07:02:00+00:00,16881.5
2022-12-27 07:03:00+00:00,16877.4
2022-12-27 07:04:00+00:00,16877.3
2022-12-27 07:05:00+00:00,16877.3
2022-12-27 07:06:00+00:00,16873.9
2022-12-27 07:07:00+00:00,16867.8
2022-12-27 07:08:00+00:00,16867.8
2022-12-27 07:09:00+00:00,16869.7
2022-12-27 07:10:00+00:00,16869.7
2022-12-27 07:11:00+00:00,16869.7
2022-12-27 07:12:00+00:00,16869.7
2022-12-27 07:13:00+00:00,16869.6
2022-12-27 07:14:00+00:00,16869.6
2022-12-27 07:15:00+00:00,16869.6
2022-12-27 07:16:00+00:00,16868.4
2022-12-27 07:17:00+00:00,16868.1
2022-12-27 07:18:00+00:00,16868.1
2022-12-27 07:19:00+00:00,16868.0
2022-12-27 07:20:00+00:00,16868.5
2022-12-27 07:21:00+00:00,16873.4
2022-12-27 07:22:00+00:00,16876.2
2022-12-27 07:23:00+00:00,16876.1
2022-12-27 07:24:00+00:00,16876.2
2022-12-27 07:25:00+00:00,16876.3
2022-12-27 07:26:00+00:00,16876.2
2022-12-27 07:27:00+00:00,16876.3
2022-12-27 07:28:00+00:00,16876.3
2022-12-27 07:29:00+00:00,16876.3
2022-12-27 07:30:00+00:00,16876.3
2022-12-27 07:31:00+00:00,16876.3
2022-12-27 07:32:00+00:00,16876.3
2022-12-27 07:33:00+00:00,16876.3
2022-12-27 07:34:00+00:00,16876.3
2022-12-27 07:35:00+00:00,16876.2
2022-12-27 07:36:00+00:00,16876.2
2022-12-27 07:37:00+00:00,16876.2
2022-12-27 07:38:00+00:00,16872.6
2022-12-27 07:39:00+00:00,16869.2
2022-12-27 07:40:00+00:00,16858.1
2022-12-27 07:41:00+00:00,16855.5
2022-12-27 07:42:00+00:00,16857.4
2022-12-27 07:43:00+00:00,16857.4
2022-12-27 07:44:00+00:00,16857.3
2022-12-27 07:45:00+00:00,16855.8
2022-12-27 07:46:00+00:00,16855.9
2022-12-27 07:47:00+00:00,16855.9
2022-12-27 07:48:00+00:00,16855.8
2022-12-27 07:49:00+00:00,16855.8
2022-12-27 07:50:00+00:00,16855.9
2022-12-27 07:51:00+00:00,16855.8
2022-12-27 07:52:00+00:00,16855.9
2022-12-27 07:53:00+00:00,16863.1
2022-12-27 07:54:00+00:00,16863.1
2022-12-27 07:55:00+00:00,16863.2
2022-12-27 07:56:00+00:00,16863.1
2022-12-27 07:57:00+00:00,16863.1
2022-12-27 07:58:00+00:00,16862.1
2022-12-27 07:59:00+00:00,16862.2
2022-12-27 08:00:00+00:00,16862.2
2022-12-27 08:01:00+00:00,16852.8
2022-12-27 08:02:00+00:00,16849.0
2022-12-27 08:03:00+00:00,16853.2
2022-12-27 08:04:00+00:00,16857.2
2022-12-27 08:05:00+00:00,16857.2
2022-12-27 08:06:00+00:00,16857.1
2022-12-27 08:07:00+00:00,16856.1
2022-12-27 08:08:00+00:00,16853.0
2022-12-27 08:09:00+00:00,16853.0
2022-12-27 08:10:00+00:00,16853.1
2022-12-27 08:11:00+00:00,16853.1
2022-12-27 08:12:00+00:00,16852.3
2022-12-27 08:13:00+00:00,16851.1
2022-12-27 08:14:00+00:00,16847.6
2022-12-27 08:15:00+00:00,16844.9
2022-12-27 08:16:00+00:00,16844.9
2022-12-27 08:17:00+00:00,16849.4
2022-12-27 08:18:00+00:00,16849.5
2022-12-27 08:19:00+00:00,16854.5
2022-12-27 08:20:00+00:00,16857.3
2022-12-27 08:21:00+00:00,16857.3
2022-12-27 08:22:00+00:00,16863.1
2022-12-27 08:23:00+00:00,16863.2
2022-12-27 08:24:00+00:00,16863.2
2022-12-27 08:25:00+00:00,16863.1
2022-12-27 08:26:00+00:00,16863.2
2022-12-27 08:27:00+00:00,16863.2
2022-12-27 08:28:00+00:00,16863.2
2022-12-27 08:29:00+00:00,16863.2
2022-12-27 08:30:00+00:00,16863.2
2022-12-27 08:31:00+00:00,16863.2
2022-12-27 08:32:00+00:00,16858.8
2022-12-27 08:33:00+00:00,16855.5
2022-12-27 08:34:00+00:00,16855.5
2022-12-27 08:35:00+00:00,16855.5
2022-12-27 08:36:00+00:00,16853.7
2022-12-27 08:37:00+00:00,16853.0
2022-12-27 08:38:00+00:00,16856.2
2022-12-27 08:39:00+00:00,16858.2
2022-12-27 08:40:00+00:00,16858.3
2022-12-27 08:41:00+00:00,16858.5
2022-12-27 08:42:00+00:00,16858.5
2022-12-27 08:43:00+00:00,16858.5
2022-12-27 08:44:00+00:00,16858.5
2022-12-27 08:45:00+00:00,16858.6
2022-12-27 08:46:00+00:00,16858.6
2022-12-27 08:47:00+00:00,16858.5
2022-12-27 08:48:00+00:00,16858.5
2022-12-27 08:49:00+00:00,16858.6
2022-12-27 08:50:00+00:00,16858.6
2022-12-27 08:51:00+00:00,16858.5
2022-12-27 08:52:00+00:00,16858.5
2022-12-27 08:53:00+00:00,16855.8
2022-12-27 08:54:00+00:00,16845.6
2022-12-27 08:55:00+00:00,16844.3
2022-12-27 08:56:00+00:00,16844.3
2022-12-27 08:57:00+00:00,16844.4
2022-12-27 08:58:00+00:00,16845.4
2022-12-27 08:59:00+00:00,16844.1
2022-12-27 09:00:00+00:00,16835.8
2022-12-27 09:01:00+00:00,16835.3
2022-12-27 09:02:00+00:00,16833.4
2022-12-27 09:03:00+00:00,16835.6
2022-12-27 09:04:00+00:00,16837.1
2022-12-27 09:05:00+00:00,16837.1
2022-12-27 09:06:00+00:00,16837.0
2022-12-27 09:07:00+00:00,16837.0
2022-12-27 09:08:00+00:00,16839.4
2022-12-27 09:09:00+00:00,16839.4
2022-12-27 09:10:00+00:00,16839.3
2022-12-27 09:11:00+00:00,16839.3
2022-12-27 09:12:00+00:00,16845.1
2022-12-27 09:13:00+00:00,16845.1
2022-12-27 09:14:00+00:00,16845.1
2022-12-27 09:15:00+00:00,16845.1
2022-12-27 09:16:00+00:00,16845.1
2022-12-27 09:17:00+00:00,16845.0
2022-12-27 09:18:00+00:00,16843.0
2022-12-27 09:19:00+00:00,16841.1
2022-12-27 09:20:00+00:00,16841.2
2022-12-27 09:21:00+00:00,16841.2
2022-12-27 09:22:00+00:00,16845.0
2022-12-27 09:23:00+00:00,16846.4
2022-12-27 09:24:00+00:00,16846.4
2022-12-27 09:25:00+00:00,16849.6
2022-12-27 09:26:00+00:00,16849.8
2022-12-27 09:27:00+00:00,16849.9
2022-12-27 09:28:00+00:00,16849.9
2022-12-27 09:29:00+00:00,16849.9
2022-12-27 09:30:00+00:00,16849.9
2022-12-27 09:31:00+00:00,16849.9
2022-12-27 09:32:00+00:00,16849.9
2022-12-27 09:33:00+00:00,16850.2
2022-12-27 09:34:00+00:00,16850.7
2022-12-27 09:35:00+00:00,16852.5
2022-12-27 09:36:00+00:00,16852.8
2022-12-27 09:37:00+00:00,16852.7
2022-12-27 09:38:00+00:00,16852.7
2022-12-27 09:39:00+00:00,16852.7
2022-12-27 09:40:00+00:00,16852.8
2022-12-27 09:41:00+00:00,16852.8
2022-12-27 09:42:00+00:00,16852.8
2022-12-27 09:43:00+00:00,16852.8
2022-12-27 09:44:00+00:00,16855.2
2022-12-27 09:45:00+00:00,16855.2
2022-12-27 09:46:00+00:00,16856.9
2022-12-27 09:47:00+00:00,16857.0
2022-12-27 09:48:00+00:00,16857.0
2022-12-27 09:49:00+00:00,16856.9
2022-12-27 09:50:00+00:00,16857.0
2022-12-27 09:51:00+00:00,16857.0
2022-12-27 09:52:00+00:00,16856.9
2022-12-27 09:53:00+00:00,16864.9
2022-12-27 09:54:00+00:00,16867.8
2022-12-27 09:55:00+00:00,16869.2
2022-12-27 09:56:00+00:00,16868.4
2022-12-27 09:57:00+00:00,16868.5
2022-12-27 09:58:00+00:00,16868.5
2022-12-27 09:59:00+00:00,16868.5
2022-12-27 10:00:00+00:00,16868.4
2022-12-27 10:01:00+00:00,16868.5
2022-12-27 10:02:00+00:00,16868.5
2022-12-27 10:03:00+00:00,16865.1
2022-12-27 10:04:00+00:00,16864.2
2022-12-27 10:05:00+00:00,16859.3
2022-12-27 10:06:00+00:00,16859.2
2022-12-27 10:07:00+00:00,16859.1
2022-12-27 10:08:00+00:00,16859.1
2022-12-27 10:09:00+00:00,16861.9
2022-12-27 10:10:00+00:00,16863.8
2022-12-27 10:11:00+00:00,16863.8
2022-12-27 10:12:00+00:00,16863.8
2022-12-27 10:13:00+00:00,16865.1
2022-12-27 10:14:00+00:00,16864.1
2022-12-27 10:15:00+00:00,16861.0
2022-12-27 10:16:00+00:00,16860.5
2022-12-27 10:17:00+00:00,16858.6
2022-12-27 10:18:00+00:00,16858.6
2022-12-27 10:19:00+00:00,16853.0
2022-12-27 10:20:00+00:00,16853.1
2022-12-27 10:21:00+00:00,16853.0
2022-12-27 10:22:00+00:00,16855.9
2022-12-27 10:23:00+00:00,16855.9
2022-12-27 10:24:00+00:00,16856.2
2022-12-27 10:25:00+00:00,16856.2
2022-12-27 10:26:00+00:00,16856.2
2022-12-27 10:27:00+00:00,16856.2
2022-12-27 10:28:00+00:00,16856.2
2022-12-27 10:29:00+00:00,16856.2
2022-12-27 10:30:00+00:00,16856.1
2022-12-27 10:31:00+00:00,16856.2
2022-12-27 10:32:00+00:00,16856.1
2022-12-27 10:33:00+00:00,16856.2
2022-12-27 10:34:00+00:00,16856.2
2022-12-27 10:35:00+00:00,16856.2
2022-12-27 10:36:00+00:00,16856.2
2022-12-27 10:37:00+00:00,16856.2
2022-12-27 10:38:00+00:00,16856.2
2022-12-27 10:39:00+00:00,16856.2
2022-12-27 10:40:00+00:00,16856.1
2022-12-27 10:41:00+00:00,16856.1
2022-12-27 10:42:00+00:00,16856.2
2022-12-27 10:43:00+00:00,16854.2
2022-12-27 10:44:00+00:00,16852.5
2022-12-27 10:45:00+00:00,16850.6
2022-12-27 10:46:00+00:00,16850.6
2022-12-27 10:47:00+00:00,16850.7
2022-12-27 10:48:00+00:00,16850.6
2022-12-27 10:49:00+00:00,16850.7
2022-12-27 10:50:00+00:00,16850.6
2022-12-27 10:51:00+00:00,16849.4
2022-12-27 10:52:00+00:00,16848.3
2022-12-27 10:53:00+00:00,16848.3
2022-12-27 10:54:00+00:00,16848.2
2022-12-27 10:55:00+00:00,16848.2
2022-12-27 10:56:00+00:00,16848.2
2022-12-27 10:57:00+00:00,16848.3
2022-12-27 10:58:00+00:00,16851.3
2022-12-27 10:59:00+00:00,16852.9
2022-12-27 11:00:00+00:00,16852.8
2022-12-27 11:01:00+00:00,16852.8
2022-12-27 11:02:00+00:00,16852.8
2022-12-27 11:03:00+00:00,16852.9
2022-12-27 11:04:00+00:00,16852.7
2022-12-27 11:05:00+00:00,16852.7
2022-12-27 11:06:00+00:00,16852.7
2022-12-27 11:07:00+00:00,16852.7
2022-12-27 11:08:00+00:00,16848.3
2022-12-27 11:09:00+00:00,16848.4
2022-12-27 11:10:00+00:00,16848.3
2022-12-27 11:11:00+00:00,16848.3
2022-12-27 11:12:00+00:00,16847.4
2022-12-27 11:13:00+00:00,16846.7
2022-12-27 11:14:00+00:00,16846.7
2022-12-27 11:15:00+00:00,16846.7
2022-12-27 11:16:00+00:00,16846.8
2022-12-27 11:17:00+00:00,16846.8
2022-12-27 11:18:00+00:00,16808.7
2022-12-27 11:19:00+00:00,16807.3
2022-12-27 11:20:00+00:00,16817.7
2022-12-27 11:21:00+00:00,16821.3
2022-12-27 11:22:00+00:00,16821.2
2022-12-27 11:23:00+00:00,16818.0
2022-12-27 11:24:00+00:00,16819.8
2022-12-27 11:25:00+00:00,16825.7
2022-12-27 11:26:00+00:00,16826.6
2022-12-27 11:27:00+00:00,16826.7
2022-12-27 11:28:00+00:00,16826.7
2022-12-27 11:29:00+00:00,16825.1
2022-12-27 11:30:00+00:00,16822.7
2022-12-27 11:31:00+00:00,16822.8
2022-12-27 11:32:00+00:00,16818.2
2022-12-27 11:33:00+00:00,16820.9
2022-12-27 11:34:00+00:00,16820.6
2022-12-27 11:35:00+00:00,16820.4
2022-12-27 11:36:00+00:00,16820.3
2022-12-27 11:37:00+00:00,16820.4
2022-12-27 11:38:00+00:00,16820.4
2022-12-27 11:39:00+00:00,16820.4
2022-12-27 11:40:00+00:00,16820.3
2022-12-27 11:41:00+00:00,16820.3
2022-12-27 11:42:00+00:00,16820.3
2022-12-27 11:43:00+00:00,16820.4
2022-12-27 11:44:00+00:00,16820.4
2022-12-27 11:45:00+00:00,16818.3
2022-12-27 11:46:00+00:00,16818.3
2022-12-27 11:47:00+00:00,16818.4
2022-12-27 11:48:00+00:00,16822.4
2022-12-27 11:49:00+00:00,16825.9
2022-12-27 11:50:00+00:00,16825.8
2022-12-27 11:51:00+00:00,16825.8
2022-12-27 11:52:00+00:00,16825.8
2022-12-27 11:53:00+00:00,16825.9
2022-12-27 11:54:00+00:00,16825.9
2022-12-27 11:55:00+00:00,16825.4
2022-12-27 11:56:00+00:00,16825.5
2022-12-27 11:57:00+00:00,16825.5
2022-12-27 11:58:00+00:00,16825.4
2022-12-27 11:59:00+00:00,16825.4
2022-12-27 12:00:00+00:00,16821.3
2022-12-27 12:01:00+00:00,16821.3
2022-12-27 12:02:00+00:00,16821.4
2022-12-27 12:03:00+00:00,16821.3
2022-12-27 12:04:00+00:00,16821.3
2022-12-27 12:05:00+00:00,16821.4
2022-12-27 12:06:00+00:00,16821.4
2022-12-27 12:07:00+00:00,16821.3
2022-12-27 12:08:00+00:00,16821.3
2022-12-27 12:09:00+00:00,16821.4
2022-12-27 12:10:00+00:00,16821.4
2022-12-27 12:11:00+00:00,16821.4
2022-12-27 12:12:00+00:00,16821.4
2022-12-27 12:13:00+00:00,16821.4
2022-12-27 12:14:00+00:00,16821.4
2022-12-27 12:15:00+00:00,16821.3
2022-12-27 12:16:00+00:00,16821.3
2022-12-27 12:17:00+00:00,16821.2
2022-12-27 12:18:00+00:00,16815.9
2022-12-27 12:19:00+00:00,16817.0
2022-12-27 12:20:00+00:00,16819.6
2022-12-27 12:21:00+00:00,16819.6
2022-12-27 12:22:00+00:00,16819.5
2022-12-27 12:23:00+00:00,16819.5
2022-12-27 12:24:00+00:00,16819.6
2022-12-27 12:25:00+00:00,16819.6
2022-12-27 12:26:00+00:00,16814.5
2022-12-27 12:27:00+00:00,16814.4
2022-12-27 12:28:00+00:00,16814.3
2022-12-27 12:29:00+00:00,16814.3
2022-12-27 12:30:00+00:00,16812.8
2022-12-27 12:31:00+00:00,16813.4
2022-12-27 12:32:00+00:00,16813.4
2022-12-27 12:33:00+00:00,16813.5
2022-12-27 12:34:00+00:00,16813.5
2022-12-27 12:35:00+00:00,16820.9
2022-12-27 12:36:00+00:00,16824.0
2022-12-27 12:37:00+00:00,16815.7
2022-12-27 12:38:00+00:00,16811.8
2022-12-27 12:39:00+00:00,16811.8
2022-12-27 12:40:00+00:00,16811.8
2022-12-27 12:41:00+00:00,16811.8
2022-12-27 12:42:00+00:00,16811.7
2022-12-27 12:43:00+00:00,16816.4
2022-12-27 12:44:00+00:00,16816.5
2022-12-27 12:45:00+00:00,16816.5
2022-12-27 12:46:00+00:00,16828.6
2022-12-27 12:47:00+00:00,16826.1
2022-12-27 12:48:00+00:00,16825.8
2022-12-27 12:49:00+00:00,16825.8
2022-12-27 12:50:00+00:00,16825.9
2022-12-27 12:51:00+00:00,16825.8
2022-12-27 12:52:00+00:00,16825.8
2022-12-27 12:53:00+00:00,16817.9
2022-12-27 12:54:00+00:00,16812.6
2022-12-27 12:55:00+00:00,16808.3
2022-12-27 12:56:00+00:00,16795.9
2022-12-27 12:57:00+00:00,16799.4
2022-12-27 12:58:00+00:00,16799.5
2022-12-27 12:59:00+00:00,16801.8
2022-12-27 13:00:00+00:00,16801.6
2022-12-27 13:01:00+00:00,16801.5
2022-12-27 13:02:00+00:00,16795.4
2022-12-27 13:03:00+00:00,16803.6
2022-12-27 13:04:00+00:00,16810.0
2022-12-27 13:05:00+00:00,16810.0
2022-12-27 13:06:00+00:00,16808.6
2022-12-27 13:07:00+00:00,16808.7
2022-12-27 13:08:00+00:00,16816.3
2022-12-27 13:09:00+00:00,16819.0
2022-12-27 13:10:00+00:00,16819.3
2022-12-27 13:11:00+00:00,16824.2
2022-12-27 13:12:00+00:00,16824.1
2022-12-27 13:13:00+00:00,16820.1
2022-12-27 13:14:00+00:00,16820.1
2022-12-27 13:15:00+00:00,16813.7
2022-12-27 13:16:00+00:00,16813.7
2022-12-27 13:17:00+00:00,16813.6
2022-12-27 13:18:00+00:00,16813.7
2022-12-27 13:19:00+00:00,16818.4
2022-12-27 13:20:00+00:00,16820.3
2022-12-27 13:21:00+00:00,16820.3
2022-12-27 13:22:00+00:00,16820.3
2022-12-27 13:23:00+00:00,16822.0
2022-12-27 13:24:00+00:00,16822.0
2022-12-27 13:25:00+00:00,16822.1
2022-12-27 13:26:00+00:00,16822.1
2022-12-27 13:27:00+00:00,16822.1
2022-12-27 13:28:00+00:00,16822.1
2022-12-27 13:29:00+00:00,16822.0
2022-12-27 13:30:00+00:00,16822.1
2022-12-27 13:31:00+00:00,16816.6
2022-12-27 13:32:00+00:00,16816.7
2022-12-27 13:33:00+00:00,16816.7
2022-12-27 13:34:00+00:00,16816.3
2022-12-27 13:35:00+00:00,16816.3
2022-12-27 13:36:00+00:00,16816.3
2022-12-27 13:37:00+00:00,16816.3
2022-12-27 13:38:00+00:00,16816.3
2022-12-27 13:39:00+00:00,16816.3
2022-12-27 13:40:00+00:00,16814.3
2022-12-27 13:41:00+00:00,16814.3
2022-12-27 13:42:00+00:00,16814.4
2022-12-27 13:43:00+00:00,16810.5
2022-12-27 13:44:00+00:00,16810.0
2022-12-27 13:45:00+00:00,16810.0
2022-12-27 13:46:00+00:00,16809.9
2022-12-27 13:47:00+00:00,16804.5
2022-12-27 13:48:00+00:00,16805.8
2022-12-27 13:49:00+00:00,16805.7
2022-12-27 13:50:00+00:00,16805.7
2022-12-27 13:51:00+00:00,16808.5
2022-12-27 13:52:00+00:00,16808.5
2022-12-27 13:53:00+00:00,16808.5
2022-12-27 13:54:00+00:00,16808.5
2022-12-27 13:55:00+00:00,16808.5
2022-12-27 13:56:00+00:00,16808.4
2022-12-27 13:57:00+00:00,16808.5
2022-12-27 13:58:00+00:00,16808.5
2022-12-27 13:59:00+00:00,16808.5
2022-12-27 14:00:00+00:00,16808.5
2022-12-27 14:01:00+00:00,16809.1
2022-12-27 14:02:00+00:00,16809.1
2022-12-27 14:03:00+00:00,16809.2
2022-12-27 14:04:00+00:00,16809.1
2022-12-27 14:05:00+00:00,16809.2
2022-12-27 14:06:00+00:00,16809.2
2022-12-27 14:07:00+00:00,16810.7
2022-12-27 14:08:00+00:00,16810.8
2022-12-27 14:09:00+00:00,16810.8
2022-12-27 14:10:00+00:00,16810.8
2022-12-27 14:11:00+00:00,16810.8
2022-12-27 14:12:00+00:00,16810.8
2022-12-27 14:13:00+00:00,16805.9
2022-12-27 14:14:00+00:00,16806.0
2022-12-27 14:15:00+00:00,16806.0
2022-12-27 14:16:00+00:00,16806.0
2022-12-27 14:17:00+00:00,16806.0
2022-12-27 14:18:00+00:00,16806.0
2022-12-27 14:19:00+00:00,16809.3
2022-12-27 14:20:00+00:00,16812.4
2022-12-27 14:21:00+00:00,16816.5
2022-12-27 14:22:00+00:00,16817.0
2022-12-27 14:23:00+00:00,16816.9
2022-12-27 14:24:00+00:00,16817.0
2022-12-27 14:25:00+00:00,16812.9
2022-12-27 14:26:00+00:00,16813.0
2022-12-27 14:27:00+00:00,16812.9
2022-12-27 14:28:00+00:00,16811.4
2022-12-27 14:29:00+00:00,16809.9
2022-12-27 14:30:00+00:00,16806.3
2022-12-27 14:31:00+00:00,16778.4
2022-12-27 14:32:00+00:00,16777.5
2022-12-27 14:33:00+00:00,16777.3
2022-12-27 14:34:00+00:00,16774.1
2022-12-27 14:35:00+00:00,16759.5
2022-12-27 14:36:00+00:00,16751.1
2022-12-27 14:37:00+00:00,16743.3
2022-12-27 14:38:00+00:00,16750.0
2022-12-27 14:39:00+00:00,16758.6
2022-12-27 14:40:00+00:00,16756.5
2022-12-27 14:41:00+00:00,16755.9
2022-12-27 14:42:00+00:00,16758.5
2022-12-27 14:43:00+00:00,16763.2
2022-12-27 14:44:00+00:00,16766.1
2022-12-27 14:45:00+00:00,16755.1
2022-12-27 14:46:00+00:00,16758.7
2022-12-27 14:47:00+00:00,16755.2
2022-12-27 14:48:00+00:00,16746.2
2022-12-27 14:49:00+00:00,16756.5
2022-12-27 14:50:00+00:00,16758.6
2022-12-27 14:51:00+00:00,16758.6
2022-12-27 14:52:00+00:00,16766.6
2022-12-27 14:53:00+00:00,16766.6
2022-12-27 14:54:00+00:00,16769.6
2022-12-27 14:55:00+00:00,16765.8
2022-12-27 14:56:00+00:00,16765.9
2022-12-27 14:57:00+00:00,16765.8
2022-12-27 14:58:00+00:00,16765.8
2022-12-27 14:59:00+00:00,16763.5
2022-12-27 15:00:00+00:00,16745.6
2022-12-27 15:01:00+00:00,16746.9
2022-12-27 15:02:00+00:00,16737.9
2022-12-27 15:03:00+00:00,16747.3
2022-12-27 15:04:00+00:00,16763.9
2022-12-27 15:05:00+00:00,16763.9
2022-12-27 15:06:00+00:00,16766.5
2022-12-27 15:07:00+00:00,16766.5
2022-12-27 15:08:00+00:00,16769.6
2022-12-27 15:09:00+00:00,16769.6
2022-12-27 15:10:00+00:00,16765.4
2022-12-27 15:11:00+00:00,16759.4
2022-12-27 15:12:00+00:00,16760.4
2022-12-27 15:13:00+00:00,16764.3
2022-12-27 15:14:00+00:00,16772.5
2022-12-27 15:15:00+00:00,16776.3
2022-12-27 15:16:00+00:00,16778.3
2022-12-27 15:17:00+00:00,16783.1
2022-12-27 15:18:00+00:00,16794.2
2022-12-27 15:19:00+00:00,16805.5
2022-12-27 15:20:00+00:00,16805.2
2022-12-27 15:21:00+00:00,16819.5
2022-12-27 15:22:00+00:00,16827.2
2022-12-27 15:23:00+00:00,16820.2
2022-12-27 15:24:00+00:00,16820.2
2022-12-27 15:25:00+00:00,16825.5
2022-12-27 15:26:00+00:00,16820.8
2022-12-27 15:27:00+00:00,16818.0
2022-12-27 15:28:00+00:00,16818.0
2022-12-27 15:29:00+00:00,16818.0
2022-12-27 15:30:00+00:00,16813.3
2022-12-27 15:31:00+00:00,16806.5
2022-12-27 15:32:00+00:00,16804.1
2022-12-27 15:33:00+00:00,16808.5
2022-12-27 15:34:00+00:00,16812.0
2022-12-27 15:35:00+00:00,16812.0
2022-12-27 15:36:00+00:00,16811.9
2022-12-27 15:37:00+00:00,16811.9
2022-12-27 15:38:00+00:00,16806.9
2022-12-27 15:39:00+00:00,16801.0
2022-12-27 15:40:00+00:00,16801.1
2022-12-27 15:41:00+00:00,16804.4
2022-12-27 15:42:00+00:00,16809.5
2022-12-27 15:43:00+00:00,16805.9
2022-12-27 15:44:00+00:00,16805.8
2022-12-27 15:45:00+00:00,16805.8
2022-12-27 15:46:00+00:00,16809.8
2022-12-27 15:47:00+00:00,16809.8
2022-12-27 15:48:00+00:00,16809.8
2022-12-27 15:49:00+00:00,16805.7
2022-12-27 15:50:00+00:00,16804.3
2022-12-27 15:51:00+00:00,16798.8
2022-12-27 15:52:00+00:00,16798.8
2022-12-27 15:53:00+00:00,16798.9
2022-12-27 15:54:00+00:00,16794.1
2022-12-27 15:55:00+00:00,16789.7
2022-12-27 15:56:00+00:00,16789.7
2022-12-27 15:57:00+00:00,16789.7
2022-12-27 15:58:00+00:00,16786.4
2022-12-27 15:59:00+00:00,16789.2
2022-12-27 16:00:00+00:00,16783.5
2022-12-27 16:01:00+00:00,16783.6
2022-12-27 16:02:00+00:00,16789.7
2022-12-27 16:03:00+00:00,16789.7
2022-12-27 16:04:00+00:00,16793.0
2022-12-27 16:05:00+00:00,16793.0
2022-12-27 16:06:00+00:00,16793.1
2022-12-27 16:07:00+00:00,16787.1
2022-12-27 16:08:00+00:00,16787.1
2022-12-27 16:09:00+00:00,16786.4
2022-12-27 16:10:00+00:00,16781.2
2022-12-27 16:11:00+00:00,16779.0
2022-12-27 16:12:00+00:00,16777.3
2022-12-27 16:13:00+00:00,16776.2
2022-12-27 16:14:00+00:00,16773.7
2022-12-27 16:15:00+00:00,16773.7
2022-12-27 16:16:00+00:00,16766.2
2022-12-27 16:17:00+00:00,16767.5
2022-12-27 16:18:00+00:00,16767.4
2022-12-27 16:19:00+00:00,16767.4
2022-12-27 16:20:00+00:00,16767.5
2022-12-27 16:21:00+00:00,16755.2
2022-12-27 16:22:00+00:00,16759.6
2022-12-27 16:23:00+00:00,16759.5
2022-12-27 16:24:00+00:00,16762.4
2022-12-27 16:25:00+00:00,16763.5
2022-12-27 16:26:00+00:00,16767.2
2022-12-27 16:27:00+00:00,16769.5
2022-12-27 16:28:00+00:00,16775.5
2022-12-27 16:29:00+00:00,16775.5
2022-12-27 16:30:00+00:00,16779.4
2022-12-27 16:31:00+00:00,16775.3
2022-12-27 16:32:00+00:00,16775.3
2022-12-27 16:33:00+00:00,16772.7
2022-12-27 16:34:00+00:00,16764.5
2022-12-27 16:35:00+00:00,16764.6
2022-12-27 16:36:00+00:00,16767.5
2022-12-27 16:37:00+00:00,16768.0
2022-12-27 16:38:00+00:00,16771.0
2022-12-27 16:39:00+00:00,16770.9
2022-12-27 16:40:00+00:00,16770.9
2022-12-27 16:41:00+00:00,16773.8
2022-12-27 16:42:00+00:00,16781.6
2022-12-27 16:43:00+00:00,16781.6
2022-12-27 16:44:00+00:00,16780.5
2022-12-27 16:45:00+00:00,16778.0
2022-12-27 16:46:00+00:00,16780.1
2022-12-27 16:47:00+00:00,16768.5
2022-12-27 16:48:00+00:00,16767.0
2022-12-27 16:49:00+00:00,16767.0
2022-12-27 16:50:00+00:00,16767.0
2022-12-27 16:51:00+00:00,16767.0
2022-12-27 16:52:00+00:00,16767.0
2022-12-27 16:53:00+00:00,16766.9
2022-12-27 16:54:00+00:00,16767.0
2022-12-27 16:55:00+00:00,16767.0
2022-12-27 16:56:00+00:00,16768.5
2022-12-27 16:57:00+00:00,16768.5
2022-12-27 16:58:00+00:00,16768.4
2022-12-27 16:59:00+00:00,16768.5
2022-12-27 17:00:00+00:00,16768.4
2022-12-27 17:01:00+00:00,16768.4
2022-12-27 17:02:00+00:00,16768.5
2022-12-27 17:03:00+00:00,16768.5
2022-12-27 17:04:00+00:00,16768.4
2022-12-27 17:05:00+00:00,16768.5
2022-12-27 17:06:00+00:00,16768.4
2022-12-27 17:07:00+00:00,16768.4
2022-12-27 17:08:00+00:00,16768.4
2022-12-27 17:09:00+00:00,16768.4
2022-12-27 17:10:00+00:00,16771.7
2022-12-27 17:11:00+00:00,16774.8
2022-12-27 17:12:00+00:00,16774.8
2022-12-27 17:13:00+00:00,16774.8
2022-12-27 17:14:00+00:00,16773.4
2022-12-27 17:15:00+00:00,16768.1
2022-12-27 17:16:00+00:00,16767.0
2022-12-27 17:17:00+00:00,16767.0
2022-12-27 17:18:00+00:00,16766.9
2022-12-27 17:19:00+00:00,16767.0
2022-12-27 17:20:00+00:00,16766.9
2022-12-27 17:21:00+00:00,16757.6
2022-12-27 17:22:00+00:00,16753.0
2022-12-27 17:23:00+00:00,16750.8
2022-12-27 17:24:00+00:00,16745.4
2022-12-27 17:25:00+00:00,16734.8
2022-12-27 17:26:00+00:00,16741.7
2022-12-27 17:27:00+00:00,16741.8
2022-12-27 17:28:00+00:00,16741.7
2022-12-27 17:29:00+00:00,16742.7
2022-12-27 17:30:00+00:00,16742.6
2022-12-27 17:31:00+00:00,16742.9
2022-12-27 17:32:00+00:00,16743.1
2022-12-27 17:33:00+00:00,16743.2
2022-12-27 17:34:00+00:00,16743.2
2022-12-27 17:35:00+00:00,16743.1
2022-12-27 17:36:00+00:00,16743.1
2022-12-27 17:37:00+00:00,16734.0
2022-12-27 17:38:00+00:00,16736.1
2022-12-27 17:39:00+00:00,16736.0
2022-12-27 17:40:00+00:00,16736.1
2022-12-27 17:41:00+00:00,16736.1
2022-12-27 17:42:00+00:00,16730.0
2022-12-27 17:43:00+00:00,16647.4
2022-12-27 17:44:00+00:00,16652.2
2022-12-27 17:45:00+00:00,16653.7
2022-12-27 17:46:00+00:00,16674.7
2022-12-27 17:47:00+00:00,16676.6
2022-12-27 17:48:00+00:00,16671.8
2022-12-27 17:49:00+00:00,16669.4
2022-12-27 17:50:00+00:00,16666.9
2022-12-27 17:51:00+00:00,16665.0
2022-12-27 17:52:00+00:00,16684.6
2022-12-27 17:53:00+00:00,16684.3
2022-12-27 17:54:00+00:00,16682.3
2022-12-27 17:55:00+00:00,16674.3
2022-12-27 17:56:00+00:00,16679.0
2022-12-27 17:57:00+00:00,16678.9
2022-12-27 17:58:00+00:00,16667.3
2022-12-27 17:59:00+00:00,16670.1
2022-12-27 18:00:00+00:00,16668.0
2022-12-27 18:01:00+00:00,16665.8
2022-12-27 18:02:00+00:00,16665.5
2022-12-27 18:03:00+00:00,16665.4
2022-12-27 18:04:00+00:00,16665.5
2022-12-27 18:05:00+00:00,16657.5
2022-12-27 18:06:00+00:00,16651.3
2022-12-27 18:07:00+00:00,16637.8
2022-12-27 18:08:00+00:00,16648.4
2022-12-27 18:09:00+00:00,16651.6
2022-12-27 18:10:00+00:00,16657.3
2022-12-27 18:11:00+00:00,16657.3
2022-12-27 18:12:00+00:00,16653.3
2022-12-27 18:13:00+00:00,16653.4
2022-12-27 18:14:00+00:00,16655.2
2022-12-27 18:15:00+00:00,16655.0
2022-12-27 18:16:00+00:00,16655.0
2022-12-27 18:17:00+00:00,16649.2
2022-12-27 18:18:00+00:00,16649.1
2022-12-27 18:19:00+00:00,16640.2
2022-12-27 18:20:00+00:00,16635.0
2022-12-27 18:21:00+00:00,16647.0
2022-12-27 18:22:00+00:00,16637.3
2022-12-27 18:23:00+00:00,16633.0
2022-12-27 18:24:00+00:00,16641.8
2022-12-27 18:25:00+00:00,16645.2
2022-12-27 18:26:00+00:00,16644.4
2022-12-27 18:27:00+00:00,16648.9
2022-12-27 18:28:00+00:00,16656.8
2022-12-27 18:29:00+00:00,16650.5
2022-12-27 18:30:00+00:00,16644.0
2022-12-27 18:31:00+00:00,16637.4
2022-12-27 18:32:00+00:00,16637.4
2022-12-27 18:33:00+00:00,16646.0
2022-12-27 18:34:00+00:00,16652.0
2022-12-27 18:35:00+00:00,16651.9
2022-12-27 18:36:00+00:00,16652.0
2022-12-27 18:37:00+00:00,16652.0
2022-12-27 18:38:00+00:00,16651.9
2022-12-27 18:39:00+00:00,16651.9
2022-12-27 18:40:00+00:00,16651.9
2022-12-27 18:41:00+00:00,16641.2
2022-12-27 18:42:00+00:00,16641.3
2022-12-27 18:43:00+00:00,16638.8
2022-12-27 18:44:00+00:00,16637.7
2022-12-27 18:45:00+00:00,16628.1
2022-12-27 18:46:00+00:00,16627.2
2022-12-27 18:47:00+00:00,16629.6
2022-12-27 18:48:00+00:00,16627.2
2022-12-27 18:49:00+00:00,16626.9
2022-12-27 18:50:00+00:00,16628.6
2022-12-27 18:51:00+00:00,16630.8
2022-12-27 18:52:00+00:00,16617.9
2022-12-27 18:53:00+00:00,16618.7
2022-12-27 18:54:00+00:00,16618.8
2022-12-27 18:55:00+00:00,16608.1
2022-12-27 18:56:00+00:00,16609.2
2022-12-27 18:57:00+00:00,16616.8
2022-12-27 18:58:00+00:00,16619.5
2022-12-27 18:59:00+00:00,16622.1
2022-12-27 19:00:00+00:00,16622.0
2022-12-27 19:01:00+00:00,16622.0
2022-12-27 19:02:00+00:00,16620.5
2022-12-27 19:03:00+00:00,16622.2
2022-12-27 19:04:00+00:00,16624.3
2022-12-27 19:05:00+00:00,16621.4
2022-12-27 19:06:00+00:00,16621.7
2022-12-27 19:07:00+00:00,16622.3
2022-12-27 19:08:00+00:00,16622.3
2022-12-27 19:09:00+00:00,16623.9
2022-12-27 19:10:00+00:00,16624.8
2022-12-27 19:11:00+00:00,16624.9
2022-12-27 19:12:00+00:00,16624.9
2022-12-27 19:13:00+00:00,16624.8
2022-12-27 19:14:00+00:00,16622.8
2022-12-27 19:15:00+00:00,16615.4
2022-12-27 19:16:00+00:00,16607.2
2022-12-27 19:17:00+00:00,16622.0
2022-12-27 19:18:00+00:00,16618.7
2022-12-27 19:19:00+00:00,16622.8
2022-12-27 19:20:00+00:00,16622.7
2022-12-27 19:21:00+00:00,16622.8
2022-12-27 19:22:00+00:00,16627.3
2022-12-27 19:23:00+00:00,16630.4
2022-12-27 19:24:00+00:00,16638.8
2022-12-27 19:25:00+00:00,16638.7
2022-12-27 19:26:00+00:00,16633.0
2022-12-27 19:27:00+00:00,16630.8
2022-12-27 19:28:00+00:00,16632.9
2022-12-27 19:29:00+00:00,16643.0
2022-12-27 19:30:00+00:00,16644.4
2022-12-27 19:31:00+00:00,16644.3
2022-12-27 19:32:00+00:00,16646.7
2022-12-27 19:33:00+00:00,16648.2
2022-12-27 19:34:00+00:00,16648.4
2022-12-27 19:35:00+00:00,16646.9
2022-12-27 19:36:00+00:00,16644.6
2022-12-27 19:37:00+00:00,16644.6
2022-12-27 19:38:00+00:00,16644.6
2022-12-27 19:39:00+00:00,16644.5
2022-12-27 19:40:00+00:00,16644.3
2022-12-27 19:41:00+00:00,16644.2
2022-12-27 19:42:00+00:00,16649.9
2022-12-27 19:43:00+00:00,16661.8
2022-12-27 19:44:00+00:00,16670.0
2022-12-27 19:45:00+00:00,16665.8
2022-12-27 19:46:00+00:00,16668.8
2022-12-27 19:47:00+00:00,16670.2
2022-12-27 19:48:00+00:00,16670.1
2022-12-27 19:49:00+00:00,16666.3
2022-12-27 19:50:00+00:00,16666.3
2022-12-27 19:51:00+00:00,16668.6
2022-12-27 19:52:00+00:00,16668.4
2022-12-27 19:53:00+00:00,16664.9
2022-12-27 19:54:00+00:00,16668.5
2022-12-27 19:55:00+00:00,16668.5
2022-12-27 19:56:00+00:00,16668.5
2022-12-27 19:57:00+00:00,16668.7
2022-12-27 19:58:00+00:00,16676.6
2022-12-27 19:59:00+00:00,16677.2
2022-12-27 20:00:00+00:00,16673.3
2022-12-27 20:01:00+00:00,16671.9
2022-12-27 20:02:00+00:00,16665.6
2022-12-27 20:03:00+00:00,16664.9
2022-12-27 20:04:00+00:00,16664.8
2022-12-27 20:05:00+00:00,16664.9
2022-12-27 20:06:00+00:00,16672.9
2022-12-27 20:07:00+00:00,16673.4
2022-12-27 20:08:00+00:00,16676.4
2022-12-27 20:09:00+00:00,16676.5
2022-12-27 20:10:00+00:00,16676.4
2022-12-27 20:11:00+00:00,16676.4
2022-12-27 20:12:00+00:00,16680.0
2022-12-27 20:13:00+00:00,16680.0
2022-12-27 20:14:00+00:00,16682.4
2022-12-27 20:15:00+00:00,16682.5
2022-12-27 20:16:00+00:00,16681.7
2022-12-27 20:17:00+00:00,16682.4
2022-12-27 20:18:00+00:00,16682.4
2022-12-27 20:19:00+00:00,16680.5
2022-12-27 20:20:00+00:00,16679.4
2022-12-27 20:21:00+00:00,16674.3
2022-12-27 20:22:00+00:00,16675.9
2022-12-27 20:23:00+00:00,16675.9
2022-12-27 20:24:00+00:00,16675.9
2022-12-27 20:25:00+00:00,16675.5
2022-12-27 20:26:00+00:00,16674.6
2022-12-27 20:27:00+00:00,16674.6
2022-12-27 20:28:00+00:00,16679.5
2022-12-27 20:29:00+00:00,16679.5
2022-12-27 20:30:00+00:00,16676.2
2022-12-27 20:31:00+00:00,16676.2
2022-12-27 20:32:00+00:00,16676.2
2022-12-27 20:33:00+00:00,16674.3
2022-12-27 20:34:00+00:00,16674.2
2022-12-27 20:35:00+00:00,16674.2
2022-12-27 20:36:00+00:00,16674.3
2022-12-27 20:37:00+00:00,16674.3
2022-12-27 20:38:00+00:00,16674.3
2022-12-27 20:39:00+00:00,16664.3
2022-12-27 20:40:00+00:00,16664.4
2022-12-27 20:41:00+00:00,16659.1
2022-12-27 20:42:00+00:00,16659.1
2022-12-27 20:43:00+00:00,16661.8
2022-12-27 20:44:00+00:00,16660.2
2022-12-27 20:45:00+00:00,16659.0
2022-12-27 20:46:00+00:00,16659.1
2022-12-27 20:47:00+00:00,16659.0
2022-12-27 20:48:00+00:00,16654.6
2022-12-27 20:49:00+00:00,16654.5
2022-12-27 20:50:00+00:00,16652.3
2022-12-27 20:51:00+00:00,16650.9
2022-12-27 20:52:00+00:00,16650.9
2022-12-27 20:53:00+00:00,16650.9
2022-12-27 20:54:00+00:00,16648.9
2022-12-27 20:55:00+00:00,16652.6
2022-12-27 20:56:00+00:00,16650.1
2022-12-27 20:57:00+00:00,16650.2
2022-12-27 20:58:00+00:00,16654.9
2022-12-27 20:59:00+00:00,16654.8
2022-12-27 21:00:00+00:00,16656.2
2022-12-27 21:01:00+00:00,16656.2
2022-12-27 21:02:00+00:00,16656.2
2022-12-27 21:03:00+00:00,16655.0
2022-12-27 21:04:00+00:00,16655.1
2022-12-27 21:05:00+00:00,16654.7
2022-12-27 21:06:00+00:00,16654.7
2022-12-27 21:07:00+00:00,16654.8
2022-12-27 21:08:00+00:00,16654.8
2022-12-27 21:09:00+00:00,16654.7
2022-12-27 21:10:00+00:00,16650.3
2022-12-27 21:11:00+00:00,16647.0
2022-12-27 21:12:00+00:00,16647.0
2022-12-27 21:13:00+00:00,16646.9
2022-12-27 21:14:00+00:00,16647.0
2022-12-27 21:15:00+00:00,16646.9
2022-12-27 21:16:00+00:00,16647.0
2022-12-27 21:17:00+00:00,16646.9
2022-12-27 21:18:00+00:00,16647.0
2022-12-27 21:19:00+00:00,16649.3
2022-12-27 21:20:00+00:00,16649.3
2022-12-27 21:21:00+00:00,16649.3
2022-12-27 21:22:00+00:00,16649.3
2022-12-27 21:23:00+00:00,16649.3
2022-12-27 21:24:00+00:00,16649.3
2022-12-27 21:25:00+00:00,16651.8
2022-12-27 21:26:00+00:00,16651.8
2022-12-27 21:27:00+00:00,16654.0
2022-12-27 21:28:00+00:00,16654.0
2022-12-27 21:29:00+00:00,16654.0
2022-12-27 21:30:00+00:00,16654.1
2022-12-27 21:31:00+00:00,16654.1
2022-12-27 21:32:00+00:00,16654.1
2022-12-27 21:33:00+00:00,16654.1
2022-12-27 21:34:00+00:00,16652.7
2022-12-27 21:35:00+00:00,16652.6
2022-12-27 21:36:00+00:00,16652.6
2022-12-27 21:37:00+00:00,16652.6
2022-12-27 21:38:00+00:00,16654.2
2022-12-27 21:39:00+00:00,16654.2
2022-12-27 21:40:00+00:00,16654.2
2022-12-27 21:41:00+00:00,16654.2
2022-12-27 21:42:00+00:00,16654.2
2022-12-27 21:43:00+00:00,16654.2
2022-12-27 21:44:00+00:00,16654.2
2022-12-27 21:45:00+00:00,16654.2
2022-12-27 21:46:00+00:00,16655.9
2022-12-27 21:47:00+00:00,16656.0
2022-12-27 21:48:00+00:00,16656.0
2022-12-27 21:49:00+00:00,16656.0
2022-12-27 21:50:00+00:00,16656.0
2022-12-27 21:51:00+00:00,16659.7
2022-12-27 21:52:00+00:00,16662.9
2022-12-27 21:53:00+00:00,16669.2
2022-12-27 21:54:00+00:00,16671.1
2022-12-27 21:55:00+00:00,16698.4
2022-12-27 21:56:00+00:00,16687.6
2022-12-27 21:57:00+00:00,16687.5
2022-12-27 21:58:00+00:00,16693.0
2022-12-27 21:59:00+00:00,16692.1
2022-12-27 22:00:00+00:00,16690.8
2022-12-27 22:01:00+00:00,16689.2
2022-12-27 22:02:00+00:00,16685.2
2022-12-27 22:03:00+00:00,16681.5
2022-12-27 22:04:00+00:00,16681.6
2022-12-27 22:05:00+00:00,16681.6
2022-12-27 22:06:00+00:00,16681.5
2022-12-27 22:07:00+00:00,16680.0
2022-12-27 22:08:00+00:00,16690.2
2022-12-27 22:09:00+00:00,16690.1
2022-12-27 22:10:00+00:00,16690.2
2022-12-27 22:11:00+00:00,16690.1
2022-12-27 22:12:00+00:00,16690.1
2022-12-27 22:13:00+00:00,16690.2
2022-12-27 22:14:00+00:00,16693.2
2022-12-27 22:15:00+00:00,16687.8
2022-12-27 22:16:00+00:00,16687.8
2022-12-27 22:17:00+00:00,16687.8
2022-12-27 22:18:00+00:00,16687.8
2022-12-27 22:19:00+00:00,16687.7
2022-12-27 22:20:00+00:00,16687.8
2022-12-27 22:21:00+00:00,16687.7
2022-12-27 22:22:00+00:00,16687.8
2022-12-27 22:23:00+00:00,16689.3
2022-12-27 22:24:00+00:00,16690.6
2022-12-27 22:25:00+00:00,16692.1
2022-12-27 22:26:00+00:00,16687.4
2022-12-27 22:27:00+00:00,16687.4
2022-12-27 22:28:00+00:00,16687.4
2022-12-27 22:29:00+00:00,16685.0
2022-12-27 22:30:00+00:00,16679.2
2022-12-27 22:31:00+00:00,16679.1
2022-12-27 22:32:00+00:00,16679.2
2022-12-27 22:33:00+00:00,16679.2
2022-12-27 22:34:00+00:00,16679.2
2022-12-27 22:35:00+00:00,16679.1
2022-12-27 22:36:00+00:00,16679.1
2022-12-27 22:37:00+00:00,16679.1
2022-12-27 22:38:00+00:00,16687.4
2022-12-27 22:39:00+00:00,16687.4
2022-12-27 22:40:00+00:00,16687.5
2022-12-27 22:41:00+00:00,16687.5
2022-12-27 22:42:00+00:00,16687.5
2022-12-27 22:43:00+00:00,16687.5
2022-12-27 22:44:00+00:00,16687.4
2022-12-27 22:45:00+00:00,16687.4
2022-12-27 22:46:00+00:00,16687.5
2022-12-27 22:47:00+00:00,16687.4
2022-12-27 22:48:00+00:00,16687.5
2022-12-27 22:49:00+00:00,16677.8
2022-12-27 22:50:00+00:00,16677.9
2022-12-27 22:51:00+00:00,16678.0
2022-12-27 22:52:00+00:00,16678.1
2022-12-27 22:53:00+00:00,16678.1
2022-12-27 22:54:00+00:00,16678.1
2022-12-27 22:55:00+00:00,16678.0
2022-12-27 22:56:00+00:00,16678.1
2022-12-27 22:57:00+00:00,16678.4
2022-12-27 22:58:00+00:00,16678.4
2022-12-27 22:59:00+00:00,16678.4
2022-12-27 23:00:00+00:00,16683.2
2022-12-27 23:01:00+00:00,16689.6
2022-12-27 23:02:00+00:00,16690.5
2022-12-27 23:03:00+00:00,16690.6
2022-12-27 23:04:00+00:00,16692.6
2022-12-27 23:05:00+00:00,16692.9
2022-12-27 23:06:00+00:00,16692.9
2022-12-27 23:07:00+00:00,16699.4
2022-12-27 23:08:00+00:00,16699.4
2022-12-27 23:09:00+00:00,16693.0
2022-12-27 23:10:00+00:00,16693.8
2022-12-27 23:11:00+00:00,16694.6
2022-12-27 23:12:00+00:00,16694.6
2022-12-27 23:13:00+00:00,16694.6
2022-12-27 23:14:00+00:00,16694.5
2022-12-27 23:15:00+00:00,16697.4
2022-12-27 23:16:00+00:00,16697.4
2022-12-27 23:17:00+00:00,16697.3
2022-12-27 23:18:00+00:00,16694.5
2022-12-27 23:19:00+00:00,16694.6
2022-12-27 23:20:00+00:00,16698.5
2022-12-27 23:21:00+00:00,16699.8
2022-12-27 23:22:00+00:00,16699.8
2022-12-27 23:23:00+00:00,16699.7
2022-12-27 23:24:00+00:00,16699.7
2022-12-27 23:25:00+00:00,16699.8
2022-12-27 23:26:00+00:00,16702.6
2022-12-27 23:27:00+00:00,16702.6
2022-12-27 23:28:00+00:00,16705.6
2022-12-27 23:29:00+00:00,16705.6
2022-12-27 23:30:00+00:00,16708.0
2022-12-27 23:31:00+00:00,16708.1
2022-12-27 23:32:00+00:00,16709.1
2022-12-27 23:33:00+00:00,16707.3
2022-12-27 23:34:00+00:00,16706.8
2022-12-27 23:35:00+00:00,16704.7
2022-12-27 23:36:00+00:00,16704.8
2022-12-27 23:37:00+00:00,16704.7
2022-12-27 23:38:00+00:00,16698.7
2022-12-27 23:39:00+00:00,16698.6
2022-12-27 23:40:00+00:00,16698.6
2022-12-27 23:41:00+00:00,16692.2
2022-12-27 23:42:00+00:00,16690.4
2022-12-27 23:43:00+00:00,16690.3
2022-12-27 23:44:00+00:00,16690.3
2022-12-27 23:45:00+00:00,16688.6
2022-12-27 23:46:00+00:00,16688.6
2022-12-27 23:47:00+00:00,16688.6
2022-12-27 23:48:00+00:00,16688.7
2022-12-27 23:49:00+00:00,16688.6
2022-12-27 23:50:00+00:00,16688.7
2022-12-27 23:51:00+00:00,16689.0
2022-12-27 23:52:00+00:00,16692.5
2022-12-27 23:53:00+00:00,16692.6
2022-12-27 23:54:00+00:00,16691.7
2022-12-27 23:55:00+00:00,16696.5
2022-12-27 23:56:00+00:00,16696.5
2022-12-27 23:57:00+00:00,16696.5
2022-12-27 23:58:00+00:00,16696.5
2022-12-27 23:59:00+00:00,16696.4
